{"stats":{"minecraft:crafted":{"minecraft:wooden_sword":1,"minecraft:smooth_stone":3,"simplyswords:diamond_scythe":1,"simplyswords:iron_twinblade":1,"minecraft:iron_nugget":9,"minecraft:furnace":2,"minecraft:blast_furnace":1,"regions_unexplored:larch_planks":140,"minecraft:stone":3,"minecraft:iron_axe":1,"minecraft:stone_pickaxe":1,"minecraft:chest":3,"minecraft:crafting_table":4,"simplyswords:iron_chakram":1,"minecraft:wooden_pickaxe":1,"minecraft:air":0,"minecraft:stick":16,"minecraft:iron_ingot":70,"minecraft:iron_pickaxe":2,"minecraft:wooden_axe":3,"minecraft:stone_sword":1,"minecraft:iron_block":3,"minecraft:torch":20,"minecraft:shears":1},"minecraft:killed_by":{"minecraft:zombie":1},"minecraft:dropped":{"minecraft:lapis_lazuli":24,"regions_unexplored:larch_planks":40,"minecraft:amethyst_block":17,"minecraft:mutton":5,"minecraft:wooden_axe":1,"minecraft:wooden_sword":1,"minecraft:white_wool":3,"minecraft:gravel":2,"regions_unexplored:larch_log":96,"minecraft:stone_sword":1,"minecraft:cobbled_deepslate":30,"minecraft:raw_iron":3,"minecraft:rotten_flesh":7,"minecraft:light_gray_wool":1,"regions_unexplored:larch_sapling":19,"minecraft:recovery_compass":3,"minecraft:leather_chestplate":1,"minecraft:leather_boots":1,"minecraft:arrow":3,"minecraft:stone_pickaxe":1,"minecraft:wooden_pickaxe":1,"minecraft:written_book":1},"minecraft:used":{"minecraft:stone_sword":11,"minecraft:chest":4,"minecraft:torch":32,"minecraft:dirt":6,"minecraft:wooden_axe":146,"regions_unexplored:larch_planks":10,"minecraft:furnace":4,"minecraft:netherite_pickaxe":1325,"simplyswords:gold_greataxe":8,"minecraft:stone_pickaxe":90,"minecraft:wooden_pickaxe":11,"minecraft:white_wool":1,"minecraft:golden_apple":2,"simplyswords:iron_chakram":13,"minecraft:crafting_table":8,"minecraft:blast_furnace":2,"simplyswords:iron_twinblade":72,"minecraft:diamond_pickaxe":2,"minecraft:bread":19,"minecraft:iron_pickaxe":383,"regions_unexplored:larch_log":3,"minecraft:wooden_sword":34,"minecraft:cobblestone":72,"minecraft:potion":2,"minecraft:experience_bottle":18},"minecraft:broken":{"minecraft:iron_pickaxe":1},"minecraft:picked_up":{"minecraft:wooden_axe":3,"minecraft:crafting_table":4,"regions_unexplored:larch_planks":96,"minecraft:wooden_pickaxe":2,"minecraft:potion":2,"minecraft:amethyst_block":410,"minecraft:string":15,"minecraft:raw_copper":39,"epicknightsnmages:moonlight_gem":3,"minecraft:wooden_sword":1,"epicsamurai:jade":11,"minecraft:experience_bottle":9,"minecraft:cobbled_deepslate":30,"regions_unexplored:larch_log":320,"minecraft:written_book":1,"minecraft:calcite":23,"minecraft:light_gray_wool":2,"minecraft:chest":1,"minecraft:furnace":3,"minecraft:stick":22,"minecraft:raw_iron":110,"minecraft:torch":21,"minecraft:recovery_compass":3,"minecraft:stone_button":1,"minecraft:diorite":2,"minecraft:stone_sword":1,"minecraft:arrow":10,"minecraft:rotten_flesh":12,"minecraft:mutton":9,"minecraft:skeleton_skull":2,"minecraft:white_wool":10,"minecraft:cobblestone":182,"minecraft:magma_block":1,"minecraft:leather_chestplate":2,"minecraft:andesite":1,"minecraft:lapis_lazuli":24,"minecraft:dirt":6,"minecraft:leather_boots":3,"minecraft:bone":5,"minecraft:raw_gold":8,"minecraft:stone_pickaxe":1,"regions_unexplored:larch_sapling":38,"epicsamurai:aquamarine":14,"epicsamurai:raw_silver":59,"epicsamurai:onyx":10,"minecraft:glow_lichen":11,"patchouli:guide_book":1,"minecraft:gravel":7,"minecraft:amethyst_shard":4,"minecraft:blast_furnace":1,"minecraft:barrel":1,"minecraft:leather_helmet":1,"minecraft:diamond":5,"minecraft:bread":13,"minecraft:coal":124,"minecraft:ender_pearl":1},"minecraft:killed":{"minecraft:spider":5,"minecraft:skeleton":10,"minecraft:silverfish":2,"mythicmobs:mushroom_thing":1,"minecraft:sheep":7,"minecraft:zombie":16},"minecraft:custom":{"minecraft:mob_kills":41,"minecraft:interact_with_crafting_table":28,"minecraft:open_barrel":55,"minecraft:leave_game":2,"minecraft:time_since_death":125405,"minecraft:sprint_one_cm":43177,"minecraft:walk_one_cm":479939,"minecraft:drop":32,"minecraft:play_time":154436,"minecraft:deaths":1,"minecraft:sneak_time":6923,"minecraft:jump":1119,"minecraft:interact_with_blast_furnace":2,"minecraft:total_world_time":154436,"minecraft:interact_with_furnace":18,"minecraft:time_since_rest":125445,"minecraft:damage_taken":1535,"minecraft:damage_absorbed":8,"minecraft:damage_dealt":6896,"minecraft:fly_one_cm":57222,"minecraft:open_chest":27,"minecraft:crouch_one_cm":18178,"minecraft:fall_one_cm":17148},"minecraft:mined":{"minecraft:large_amethyst_bud":3,"minecraft:diamond_ore":4,"minecraft:tuff":1,"epicsamurai:deepslate_onyx_ore":6,"minecraft:deepslate_diamond_ore":1,"minecraft:sculk_vein":1,"regions_unexplored:larch_planks":10,"minecraft:glow_lichen":10,"minecraft:granite":8,"minecraft:budding_amethyst":60,"minecraft:stone_button":1,"epicsamurai:silver_ore":59,"minecraft:grass_block":15,"epicknightsnmages:deepslate_moonlight_ore":3,"minecraft:moss_block":1,"epicsamurai:onyx_ore":4,"minecraft:magma_block":1,"epicsamurai:deepslate_jade_ore":5,"minecraft:redstone_ore":3,"minecraft:furnace":3,"minecraft:iron_ore":105,"minecraft:andesite":16,"minecraft:deepslate_lapis_ore":2,"regions_unexplored:larch_leaves":7,"minecraft:deepslate_iron_ore":3,"regions_unexplored:larch_log":129,"minecraft:stone":510,"minecraft:white_wool":1,"epicsamurai:jade_ore":6,"minecraft:medium_amethyst_bud":2,"minecraft:amethyst_cluster":3,"epicsamurai:deepslate_aquamarine_ore":6,"minecraft:crafting_table":4,"minecraft:torch":4,"minecraft:blast_furnace":1,"minecraft:calcite":46,"minecraft:chest":1,"minecraft:copper_ore":12,"minecraft:cobblestone":11,"minecraft:lapis_ore":4,"minecraft:deepslate_gold_ore":8,"minecraft:diorite":2,"minecraft:wall_torch":10,"minecraft:amethyst_block":620,"minecraft:skeleton_skull":2,"epicsamurai:aquamarine_ore":8,"minecraft:birch_leaves":1,"minecraft:coal_ore":94,"minecraft:dirt":25,"minecraft:gravel":8,"minecraft:smooth_basalt":1,"minecraft:deepslate":156,"minecraft:infested_stone":4}},"DataVersion":3465}