{"stats":{"minecraft:crafted":{"minecraft:smooth_stone":3,"minecraft:oak_planks":16,"epicsamurai:silver_ingot":59,"regions_unexplored:larch_planks":508,"minecraft:stone":3,"minecraft:diamond_shovel":1,"minecraft:cooked_mutton":3,"minecraft:chest":3,"regions_unexplored:willow_planks":36,"minecraft:diamond_axe":1,"minecraft:crafting_table":5,"minecraft:wooden_pickaxe":1,"minecraft:iron_helmet":1,"minecraft:birch_planks":44,"minecraft:iron_chestplate":1,"minecraft:stick":32,"minecraft:iron_ingot":70,"minecraft:iron_pickaxe":2,"minecraft:iron_block":3,"minecraft:stone_sword":1,"minecraft:shears":1,"minecraft:wooden_sword":1,"simplyswords:diamond_scythe":1,"minecraft:iron_nugget":9,"simplyswords:iron_twinblade":1,"minecraft:furnace":3,"minecraft:blast_furnace":1,"minecraft:diamond":8,"minecraft:iron_axe":1,"minecraft:stone_pickaxe":1,"simplyswords:iron_chakram":1,"minecraft:air":0,"minecraft:wooden_axe":3,"minecraft:iron_leggings":1,"minecraft:torch":52},"minecraft:broken":{"minecraft:iron_pickaxe":1},"minecraft:dropped":{"minecraft:brown_mushroom":2,"minecraft:birch_planks":44,"regions_unexplored:magnolia_log":25,"minecraft:lapis_lazuli":24,"regions_unexplored:larch_planks":40,"regions_unexplored:magnolia_sapling":1,"minecraft:dirt":79,"minecraft:mutton":5,"minecraft:wooden_sword":1,"minecraft:white_wool":3,"minecraft:gravel":2,"minecraft:cobbled_deepslate":30,"minecraft:rotten_flesh":7,"regions_unexplored:larch_sapling":19,"minecraft:recovery_compass":3,"minecraft:leather_chestplate":1,"minecraft:leather_boots":1,"minecraft:arrow":3,"minecraft:written_book":1,"minecraft:netherrack":2,"minecraft:wheat_seeds":3,"minecraft:amethyst_block":17,"minecraft:acacia_log":5,"minecraft:stick":2,"regions_unexplored:small_oak_log":12,"minecraft:wooden_axe":1,"regions_unexplored:redwood_log":1,"minecraft:potion":1,"minecraft:polished_deepslate":3,"regions_unexplored:pine_log":13,"regions_unexplored:larch_log":96,"minecraft:stone_sword":1,"minecraft:raw_iron":3,"minecraft:light_gray_wool":1,"minecraft:iron_boots":1,"regions_unexplored:mauve_log":23,"regions_unexplored:small_oak_sapling":1,"minecraft:deepslate_bricks":3,"regions_unexplored:willow_log":19,"minecraft:flower_pot":3,"minecraft:spider_eye":5,"minecraft:brown_carpet":3,"minecraft:slime_ball":1,"minecraft:stone_pickaxe":1,"minecraft:wooden_pickaxe":1,"minecraft:red_tulip":2},"minecraft:used":{"minecraft:chest":4,"minecraft:carrot":7,"regions_unexplored:willow_planks":17,"minecraft:obsidian":5,"minecraft:honey_bottle":2,"minecraft:item_frame":1,"minecraft:furnace":5,"simplyswords:gold_greataxe":8,"minecraft:stone_pickaxe":90,"minecraft:wooden_pickaxe":11,"minecraft:diamond_axe":669,"minecraft:white_wool":1,"minecraft:golden_apple":4,"simplyswords:iron_chakram":13,"minecraft:blast_furnace":2,"minecraft:bread":25,"minecraft:string":1,"minecraft:fire_charge":1,"minecraft:wooden_sword":34,"aquamirae:dagger_of_greed":15,"minecraft:experience_bottle":18,"minecraft:stone_sword":11,"minecraft:tropical_fish":1,"minecraft:cooked_chicken":1,"minecraft:torch":55,"minecraft:dirt":14,"minecraft:wooden_axe":146,"simplyswords:diamond_scythe":335,"regions_unexplored:larch_planks":344,"minecraft:netherite_pickaxe":1500,"minecraft:beetroot_soup":1,"minecraft:cooked_mutton":3,"minecraft:glass_bottle":1,"minecraft:crafting_table":9,"simplyswords:iron_twinblade":72,"minecraft:diamond_pickaxe":2,"minecraft:apple":12,"minecraft:diamond_shovel":89,"minecraft:iron_pickaxe":383,"regions_unexplored:larch_log":3,"minecraft:cobblestone":149,"minecraft:potion":4,"minecraft:pumpkin_pie":6},"minecraft:killed_by":{"minecraft:zombie":1,"minecraft:husk":1,"minecraft:skeleton":1},"minecraft:custom":{"minecraft:interact_with_crafting_table":37,"minecraft:open_barrel":82,"minecraft:eat_cake_slice":5,"minecraft:leave_game":15,"minecraft:time_since_death":5653,"minecraft:sprint_one_cm":213054,"minecraft:drop":70,"minecraft:talked_to_villager":3,"minecraft:play_time":452160,"minecraft:deaths":5,"minecraft:jump":2581,"minecraft:walk_on_water_one_cm":20068,"minecraft:interact_with_furnace":29,"minecraft:sleep_in_bed":4,"minecraft:damage_dealt":32985,"minecraft:crouch_one_cm":69077,"minecraft:interact_with_smoker":2,"minecraft:mob_kills":174,"minecraft:interact_with_campfire":1,"minecraft:climb_one_cm":2102,"minecraft:walk_one_cm":1758126,"minecraft:sneak_time":21610,"minecraft:walk_under_water_one_cm":32483,"minecraft:interact_with_lectern":1,"minecraft:interact_with_blast_furnace":16,"minecraft:total_world_time":452160,"minecraft:tune_noteblock":3,"minecraft:time_since_rest":7567,"minecraft:damage_taken":4489,"minecraft:damage_absorbed":88,"minecraft:swim_one_cm":20355,"minecraft:fly_one_cm":154384,"minecraft:open_chest":96,"minecraft:fall_one_cm":49075},"minecraft:mined":{"minecraft:large_amethyst_bud":3,"regions_unexplored:willow_planks":12,"minecraft:sculk_vein":1,"regions_unexplored:magnolia_log":27,"minecraft:brewing_stand":1,"minecraft:obsidian":3,"regions_unexplored:larch_planks":44,"minecraft:granite":8,"epicsamurai:silver_ore":59,"minecraft:budding_amethyst":60,"minecraft:acacia_log":8,"minecraft:grass_block":55,"minecraft:soul_soil":1,"minecraft:deepslate_bricks":6,"minecraft:spawner":4,"epicsamurai:deepslate_jade_ore":5,"minecraft:magma_block":3,"minecraft:iron_ore":105,"minecraft:deepslate_lapis_ore":2,"minecraft:polished_deepslate_slab":4,"minecraft:iron_bars":8,"minecraft:deepslate_brick_stairs":4,"regions_unexplored:larch_log":582,"minecraft:tripwire":1,"minecraft:brown_mushroom":1,"regions_unexplored:willow_log":33,"minecraft:medium_amethyst_bud":2,"minecraft:amethyst_cluster":3,"minecraft:torch":11,"minecraft:light_gray_terracotta":1,"minecraft:blast_furnace":5,"minecraft:calcite":50,"minecraft:chest":1,"minecraft:cobblestone":37,"minecraft:wall_torch":16,"regions_unexplored:tsubaki":3,"minecraft:amethyst_block":620,"regions_unexplored:pine_log":15,"minecraft:skeleton_skull":2,"minecraft:chain":6,"epicsamurai:aquamarine_ore":8,"minecraft:grass":29,"minecraft:oak_log":4,"minecraft:dirt":72,"minecraft:smooth_basalt":1,"minecraft:potted_red_tulip":1,"minecraft:netherrack":4,"minecraft:polished_deepslate_wall":7,"minecraft:oak_leaves":1,"minecraft:deepslate":156,"minecraft:dark_prismarine":22,"minecraft:diamond_ore":4,"minecraft:tuff":1,"epicsamurai:deepslate_onyx_ore":6,"minecraft:deepslate_diamond_ore":1,"minecraft:cyan_stained_glass":1,"minecraft:glow_lichen":10,"minecraft:stone_button":1,"epicknightsnmages:deepslate_moonlight_ore":3,"rare-ice:rare_ice":2,"minecraft:moss_block":1,"epicsamurai:onyx_ore":4,"minecraft:redstone_ore":3,"minecraft:oak_trapdoor":1,"minecraft:furnace":3,"minecraft:andesite":16,"regions_unexplored:larch_leaves":7,"minecraft:polished_deepslate":4,"minecraft:deepslate_iron_ore":3,"minecraft:packed_ice":2,"regions_unexplored:medium_grass":4,"regions_unexplored:small_oak_log":6,"minecraft:stone":520,"regions_unexplored:redwood_log":1,"regions_unexplored:day_lily":1,"minecraft:white_wool":1,"epicsamurai:jade_ore":6,"minecraft:snow_block":16,"minecraft:brown_carpet":1,"epicsamurai:deepslate_aquamarine_ore":6,"minecraft:crafting_table":4,"regions_unexplored:pink_magnolia_leaves":4,"minecraft:rose_bush":1,"minecraft:campfire":1,"minecraft:tall_grass":19,"minecraft:copper_ore":12,"regions_unexplored:mauve_log":42,"minecraft:lapis_ore":4,"minecraft:deepslate_gold_ore":8,"minecraft:diorite":2,"minecraft:ice":1,"minecraft:birch_leaves":3,"minecraft:bee_nest":1,"minecraft:coal_ore":94,"regions_unexplored:silver_birch_log":11,"minecraft:gravel":8,"minecraft:iron_trapdoor":7,"minecraft:infested_stone":4},"minecraft:picked_up":{"minecraft:wooden_axe":3,"minecraft:iron_chestplate":3,"regions_unexplored:larch_planks":325,"minecraft:iron_trapdoor":6,"minecraft:flower_pot":5,"regions_unexplored:magnolia_log":25,"minecraft:potion":2,"minecraft:brewing_stand":1,"minecraft:polished_deepslate_wall":5,"minecraft:amethyst_block":410,"minecraft:polished_deepslate":3,"minecraft:string":18,"minecraft:raw_copper":39,"minecraft:soul_soil":1,"simplyswords:diamond_scythe":5,"minecraft:iron_leggings":3,"aquamirae:dagger_of_greed":2,"minecraft:beetroot_soup":1,"minecraft:experience_bottle":9,"regions_unexplored:pine_log":13,"minecraft:cobbled_deepslate":30,"regions_unexplored:larch_log":962,"minecraft:written_book":1,"minecraft:calcite":23,"regions_unexplored:redwood_log":1,"minecraft:iron_boots":1,"minecraft:furnace":3,"minecraft:stick":124,"minecraft:torch":116,"minecraft:acacia_log":5,"minecraft:porkchop":9,"minecraft:diorite":2,"minecraft:brown_carpet":4,"minecraft:stone_sword":1,"minecraft:honey_bottle":2,"minecraft:rotten_flesh":43,"regions_unexplored:tsubaki":12,"minecraft:tropical_fish":2,"regions_unexplored:mauve_log":23,"minecraft:red_tulip":5,"minecraft:deepslate_brick_stairs":4,"minecraft:obsidian":3,"minecraft:iron_bars":7,"regions_unexplored:magnolia_sapling":1,"minecraft:cobblestone":336,"minecraft:magma_block":3,"minecraft:leather_chestplate":4,"minecraft:feather":3,"minecraft:andesite":1,"paraglider:spirit_orb":10,"minecraft:lapis_lazuli":24,"minecraft:dirt":162,"aquamirae:fin":42,"minecraft:leather_boots":5,"minecraft:bone":24,"minecraft:bow":1,"minecraft:wheat_seeds":9,"minecraft:raw_gold":8,"epicsamurai:raw_silver":59,"minecraft:oak_planks":32,"minecraft:glow_lichen":11,"patchouli:guide_book":1,"minecraft:barrel":1,"minecraft:light_gray_terracotta":1,"minecraft:diamond":33,"minecraft:soul_lantern":2,"minecraft:bread":30,"regions_unexplored:willow_log":28,"minecraft:emerald":106,"minecraft:oak_sapling":10,"minecraft:netherrack":2,"minecraft:crafting_table":4,"minecraft:chicken":1,"paladins:crusader_armor_feet":2,"minecraft:brown_mushroom":6,"minecraft:wooden_pickaxe":2,"minecraft:chain":6,"aquamirae:sharp_bones":3,"minecraft:oak_trapdoor":1,"epicknightsnmages:moonlight_gem":3,"minecraft:wooden_sword":1,"epicsamurai:jade":11,"minecraft:item_frame":10,"minecraft:cyan_carpet":7,"minecraft:light_gray_wool":2,"minecraft:chest":1,"minecraft:birch_sapling":2,"minecraft:phantom_membrane":2,"regions_unexplored:day_lily":3,"minecraft:raw_iron":110,"minecraft:bowl":1,"minecraft:recovery_compass":4,"minecraft:stone_button":1,"minecraft:netherite_pickaxe":4,"regions_unexplored:enchanted_birch_leaf_pile":24,"minecraft:arrow":35,"regions_unexplored:mauve_sapling":1,"minecraft:deepslate_bricks":7,"aquamirae:treasure_pouch":1,"minecraft:gold_ingot":42,"regions_unexplored:willow_planks":39,"minecraft:mutton":19,"minecraft:white_wool":17,"minecraft:skeleton_skull":2,"minecraft:oak_log":4,"regions_unexplored:small_oak_sapling":2,"minecraft:cooked_mutton":1,"minecraft:stone_pickaxe":1,"minecraft:cooked_chicken":2,"regions_unexplored:larch_sapling":146,"epicsamurai:aquamarine":14,"epicsamurai:onyx":10,"regions_unexplored:white_magnolia_sapling":3,"aquamirae:ship_graveyard_echo":3,"minecraft:sweet_berries":1,"regions_unexplored:willow_sapling":9,"minecraft:gravel":7,"minecraft:amethyst_shard":4,"minecraft:blast_furnace":5,"minecraft:spider_eye":7,"minecraft:leather_helmet":3,"minecraft:diamond_shovel":2,"minecraft:slime_ball":2,"regions_unexplored:fireweed":1,"regions_unexplored:silver_birch_log":11,"minecraft:iron_helmet":3,"minecraft:diamond_axe":2,"minecraft:coal":124,"regions_unexplored:small_oak_log":12,"minecraft:ender_pearl":1},"minecraft:killed":{"creeperoverhaul:beach_creeper":1,"minecraft:spider":19,"naturalist:snail":1,"minecraft:skeleton":25,"minecraft:chicken":1,"minecraft:silverfish":2,"mythicmobs:mushroom_thing":2,"minecraft:pig":4,"minecraft:sheep":12,"minecraft:pillager":8,"minecraft:zombie":44,"minecraft:vindicator":4,"minecraft:phantom":1,"minecraft:drowned":1,"minecraft:husk":9,"aquamirae:maw":39}},"DataVersion":3465}