{"stats":{"minecraft:killed_by":{"minecraft:zombie":1},"minecraft:crafted":{"minecraft:wooden_sword":1,"minecraft:crafting_table":4,"simplyswords:iron_twinblade":1,"minecraft:wooden_pickaxe":1,"minecraft:furnace":2,"regions_unexplored:larch_planks":76,"minecraft:air":0,"minecraft:iron_axe":1,"minecraft:stick":12,"minecraft:iron_ingot":43,"minecraft:stone_pickaxe":1,"minecraft:iron_pickaxe":2,"minecraft:wooden_axe":3,"minecraft:stone_sword":1,"minecraft:torch":20,"minecraft:shears":1},"minecraft:dropped":{"minecraft:gravel":2,"minecraft:lapis_lazuli":24,"minecraft:stone_sword":1,"minecraft:cobbled_deepslate":30,"minecraft:raw_iron":3,"minecraft:rotten_flesh":7,"minecraft:light_gray_wool":1,"minecraft:amethyst_block":17,"regions_unexplored:larch_sapling":19,"minecraft:leather_chestplate":1,"minecraft:mutton":5,"minecraft:wooden_axe":1,"minecraft:leather_boots":1,"minecraft:wooden_sword":1,"minecraft:arrow":3,"minecraft:stone_pickaxe":1,"minecraft:wooden_pickaxe":1,"minecraft:written_book":1,"minecraft:white_wool":3},"minecraft:used":{"minecraft:stone_sword":11,"simplyswords:gold_greataxe":8,"minecraft:stone_pickaxe":90,"minecraft:white_wool":1,"minecraft:wooden_pickaxe":11,"minecraft:golden_apple":2,"minecraft:torch":30,"minecraft:dirt":6,"minecraft:crafting_table":8,"simplyswords:iron_twinblade":72,"minecraft:wooden_axe":146,"minecraft:diamond_pickaxe":2,"minecraft:bread":17,"minecraft:iron_pickaxe":383,"regions_unexplored:larch_log":3,"minecraft:wooden_sword":34,"minecraft:cobblestone":72,"minecraft:potion":2,"regions_unexplored:larch_planks":10,"minecraft:furnace":2,"minecraft:netherite_pickaxe":1315,"minecraft:experience_bottle":18},"minecraft:custom":{"minecraft:interact_with_furnace":8,"minecraft:mob_kills":37,"minecraft:interact_with_crafting_table":14,"minecraft:open_barrel":55,"minecraft:leave_game":1,"minecraft:time_since_death":95526,"minecraft:damage_absorbed":8,"minecraft:time_since_rest":95566,"minecraft:sprint_one_cm":28639,"minecraft:damage_taken":1307,"minecraft:walk_one_cm":425358,"minecraft:drop":28,"minecraft:damage_dealt":6276,"minecraft:fly_one_cm":29469,"minecraft:crouch_one_cm":17903,"minecraft:play_time":124557,"minecraft:deaths":1,"minecraft:sneak_time":6800,"minecraft:jump":1017,"minecraft:total_world_time":124557,"minecraft:fall_one_cm":12997},"minecraft:broken":{"minecraft:iron_pickaxe":1},"minecraft:mined":{"minecraft:diamond_ore":4,"minecraft:large_amethyst_bud":3,"minecraft:tuff":1,"epicsamurai:jade_ore":6,"epicsamurai:deepslate_onyx_ore":6,"minecraft:deepslate_diamond_ore":1,"minecraft:medium_amethyst_bud":2,"minecraft:sculk_vein":1,"minecraft:amethyst_cluster":3,"minecraft:grass_block":15,"minecraft:granite":8,"epicsamurai:deepslate_aquamarine_ore":6,"minecraft:calcite":46,"minecraft:glow_lichen":10,"regions_unexplored:larch_planks":10,"minecraft:crafting_table":4,"minecraft:torch":2,"minecraft:budding_amethyst":60,"epicknightsnmages:deepslate_moonlight_ore":3,"epicsamurai:silver_ore":59,"minecraft:copper_ore":12,"minecraft:cobblestone":11,"minecraft:lapis_ore":4,"minecraft:deepslate_gold_ore":8,"minecraft:diorite":2,"minecraft:wall_torch":10,"minecraft:amethyst_block":620,"minecraft:redstone_ore":3,"epicsamurai:onyx_ore":4,"epicsamurai:deepslate_jade_ore":5,"minecraft:magma_block":1,"minecraft:iron_ore":105,"epicsamurai:aquamarine_ore":8,"minecraft:andesite":16,"minecraft:birch_leaves":1,"minecraft:deepslate_lapis_ore":2,"regions_unexplored:larch_leaves":7,"minecraft:deepslate_iron_ore":3,"minecraft:coal_ore":94,"minecraft:gravel":8,"minecraft:dirt":25,"minecraft:smooth_basalt":1,"regions_unexplored:larch_log":129,"minecraft:stone":510,"minecraft:white_wool":1,"minecraft:infested_stone":4,"minecraft:deepslate":156},"minecraft:picked_up":{"minecraft:wooden_axe":3,"minecraft:magma_block":1,"minecraft:crafting_table":4,"minecraft:leather_chestplate":2,"regions_unexplored:larch_planks":56,"minecraft:andesite":1,"minecraft:wooden_pickaxe":2,"minecraft:potion":2,"minecraft:amethyst_block":410,"minecraft:lapis_lazuli":24,"minecraft:dirt":6,"minecraft:string":13,"minecraft:raw_copper":39,"epicknightsnmages:moonlight_gem":3,"minecraft:wooden_sword":1,"epicsamurai:jade":11,"minecraft:leather_boots":3,"minecraft:experience_bottle":9,"minecraft:bone":5,"minecraft:cobbled_deepslate":30,"minecraft:raw_gold":8,"minecraft:stone_pickaxe":1,"regions_unexplored:larch_log":224,"minecraft:calcite":23,"regions_unexplored:larch_sapling":38,"minecraft:written_book":1,"minecraft:light_gray_wool":2,"epicsamurai:aquamarine":14,"epicsamurai:raw_silver":59,"epicsamurai:onyx":10,"minecraft:glow_lichen":11,"minecraft:stick":22,"minecraft:raw_iron":110,"patchouli:guide_book":1,"minecraft:torch":19,"minecraft:gravel":7,"minecraft:amethyst_shard":4,"minecraft:diorite":2,"minecraft:barrel":1,"minecraft:leather_helmet":1,"minecraft:stone_sword":1,"minecraft:arrow":8,"minecraft:rotten_flesh":12,"minecraft:diamond":5,"minecraft:bread":13,"minecraft:mutton":9,"minecraft:coal":124,"minecraft:white_wool":10,"minecraft:cobblestone":182,"minecraft:ender_pearl":1},"minecraft:killed":{"minecraft:spider":4,"minecraft:skeleton":8,"minecraft:sheep":7,"minecraft:zombie":16,"minecraft:silverfish":2}},"DataVersion":3465}