{"stats":{"minecraft:killed_by":{"minecraft:husk":1,"minecraft:skeleton":1,"minecraft:zombie":1},"minecraft:crafted":{"minecraft:wooden_sword":1,"minecraft:smooth_stone":3,"epicsamurai:silver_ingot":59,"simplyswords:diamond_scythe":1,"simplyswords:iron_twinblade":1,"minecraft:iron_nugget":9,"minecraft:furnace":3,"minecraft:blast_furnace":1,"regions_unexplored:larch_planks":140,"minecraft:stone":3,"minecraft:diamond_shovel":1,"minecraft:cooked_mutton":3,"minecraft:diamond":8,"minecraft:iron_axe":1,"minecraft:stone_pickaxe":1,"minecraft:chest":3,"minecraft:crafting_table":4,"simplyswords:iron_chakram":1,"minecraft:wooden_pickaxe":1,"minecraft:iron_helmet":1,"minecraft:air":0,"minecraft:iron_chestplate":1,"minecraft:stick":28,"minecraft:iron_ingot":70,"minecraft:iron_pickaxe":2,"minecraft:wooden_axe":3,"minecraft:iron_block":3,"minecraft:stone_sword":1,"minecraft:iron_leggings":1,"minecraft:torch":52,"minecraft:shears":1},"minecraft:dropped":{"minecraft:lapis_lazuli":24,"regions_unexplored:larch_planks":40,"minecraft:amethyst_block":17,"minecraft:stick":2,"minecraft:dirt":1,"minecraft:mutton":5,"minecraft:wooden_axe":1,"minecraft:potion":1,"minecraft:wooden_sword":1,"minecraft:white_wool":3,"minecraft:polished_deepslate":3,"minecraft:gravel":2,"regions_unexplored:larch_log":96,"minecraft:stone_sword":1,"minecraft:cobbled_deepslate":30,"minecraft:raw_iron":3,"minecraft:rotten_flesh":7,"minecraft:light_gray_wool":1,"minecraft:iron_boots":1,"regions_unexplored:larch_sapling":19,"minecraft:recovery_compass":3,"minecraft:deepslate_bricks":3,"minecraft:leather_chestplate":1,"minecraft:leather_boots":1,"minecraft:arrow":3,"minecraft:wooden_pickaxe":1,"minecraft:stone_pickaxe":1,"minecraft:written_book":1,"minecraft:netherrack":2},"minecraft:used":{"minecraft:stone_sword":11,"minecraft:tropical_fish":1,"minecraft:chest":4,"minecraft:torch":43,"minecraft:dirt":12,"minecraft:carrot":7,"minecraft:obsidian":5,"minecraft:honey_bottle":2,"minecraft:wooden_axe":146,"simplyswords:diamond_scythe":261,"minecraft:item_frame":1,"regions_unexplored:larch_planks":10,"minecraft:furnace":5,"minecraft:netherite_pickaxe":1500,"minecraft:beetroot_soup":1,"minecraft:cooked_mutton":3,"simplyswords:gold_greataxe":8,"minecraft:stone_pickaxe":90,"minecraft:glass_bottle":1,"minecraft:wooden_pickaxe":11,"minecraft:white_wool":1,"minecraft:golden_apple":3,"simplyswords:iron_chakram":13,"minecraft:crafting_table":8,"minecraft:blast_furnace":2,"simplyswords:iron_twinblade":72,"minecraft:diamond_pickaxe":2,"minecraft:apple":11,"minecraft:diamond_shovel":17,"minecraft:bread":24,"minecraft:string":1,"minecraft:iron_pickaxe":383,"regions_unexplored:larch_log":3,"minecraft:fire_charge":1,"minecraft:cobblestone":149,"minecraft:wooden_sword":34,"minecraft:potion":4,"minecraft:pumpkin_pie":6,"aquamirae:dagger_of_greed":3,"minecraft:experience_bottle":18},"minecraft:custom":{"minecraft:mob_kills":150,"minecraft:interact_with_crafting_table":33,"minecraft:open_barrel":82,"minecraft:eat_cake_slice":5,"minecraft:leave_game":10,"minecraft:time_since_death":115527,"minecraft:climb_one_cm":2102,"minecraft:sprint_one_cm":179991,"minecraft:walk_one_cm":1242515,"minecraft:drop":39,"minecraft:talked_to_villager":2,"minecraft:play_time":303716,"minecraft:sneak_time":10231,"minecraft:deaths":3,"minecraft:walk_under_water_one_cm":25450,"minecraft:interact_with_lectern":1,"minecraft:jump":2077,"minecraft:interact_with_blast_furnace":15,"minecraft:walk_on_water_one_cm":12005,"minecraft:total_world_time":303716,"minecraft:interact_with_furnace":21,"minecraft:tune_noteblock":3,"minecraft:sleep_in_bed":1,"minecraft:time_since_rest":115608,"minecraft:damage_taken":3746,"minecraft:damage_absorbed":48,"minecraft:damage_dealt":28888,"minecraft:swim_one_cm":9773,"minecraft:fly_one_cm":130947,"minecraft:open_chest":76,"minecraft:crouch_one_cm":25589,"minecraft:interact_with_smoker":2,"minecraft:fall_one_cm":38435},"minecraft:broken":{"minecraft:iron_pickaxe":1},"minecraft:mined":{"minecraft:dark_prismarine":22,"minecraft:large_amethyst_bud":3,"minecraft:diamond_ore":4,"minecraft:tuff":1,"epicsamurai:deepslate_onyx_ore":6,"minecraft:deepslate_diamond_ore":1,"minecraft:sculk_vein":1,"minecraft:cyan_stained_glass":1,"minecraft:budding_amethyst":60,"minecraft:glow_lichen":10,"minecraft:brewing_stand":1,"minecraft:obsidian":3,"minecraft:stone_button":1,"regions_unexplored:larch_planks":10,"minecraft:granite":8,"epicsamurai:silver_ore":59,"minecraft:grass_block":20,"epicknightsnmages:deepslate_moonlight_ore":3,"minecraft:deepslate_bricks":6,"minecraft:soul_soil":1,"rare-ice:rare_ice":2,"minecraft:moss_block":1,"minecraft:spawner":4,"epicsamurai:onyx_ore":4,"epicsamurai:deepslate_jade_ore":5,"minecraft:redstone_ore":3,"minecraft:magma_block":3,"minecraft:oak_trapdoor":1,"minecraft:furnace":3,"minecraft:iron_ore":105,"minecraft:andesite":16,"minecraft:deepslate_lapis_ore":2,"regions_unexplored:larch_leaves":7,"minecraft:polished_deepslate":4,"minecraft:polished_deepslate_slab":4,"minecraft:deepslate_iron_ore":3,"minecraft:iron_bars":8,"minecraft:deepslate_brick_stairs":4,"minecraft:packed_ice":2,"regions_unexplored:larch_log":129,"minecraft:stone":520,"minecraft:white_wool":1,"minecraft:tripwire":1,"epicsamurai:jade_ore":6,"minecraft:medium_amethyst_bud":2,"minecraft:snow_block":16,"minecraft:amethyst_cluster":3,"epicsamurai:deepslate_aquamarine_ore":6,"minecraft:crafting_table":4,"minecraft:torch":8,"minecraft:light_gray_terracotta":1,"minecraft:blast_furnace":5,"minecraft:calcite":50,"minecraft:chest":1,"minecraft:campfire":1,"minecraft:copper_ore":12,"minecraft:tall_grass":19,"minecraft:cobblestone":37,"minecraft:deepslate_gold_ore":8,"minecraft:lapis_ore":4,"minecraft:diorite":2,"minecraft:wall_torch":12,"minecraft:amethyst_block":620,"minecraft:skeleton_skull":2,"minecraft:chain":6,"epicsamurai:aquamarine_ore":8,"minecraft:ice":1,"minecraft:birch_leaves":1,"minecraft:grass":23,"minecraft:coal_ore":94,"minecraft:gravel":8,"minecraft:dirt":30,"minecraft:smooth_basalt":1,"minecraft:netherrack":4,"minecraft:polished_deepslate_wall":7,"minecraft:iron_trapdoor":7,"minecraft:deepslate":156,"minecraft:infested_stone":4},"minecraft:picked_up":{"minecraft:wooden_axe":3,"minecraft:iron_chestplate":1,"minecraft:crafting_table":4,"minecraft:iron_trapdoor":6,"regions_unexplored:larch_planks":168,"minecraft:brown_mushroom":2,"minecraft:wooden_pickaxe":2,"minecraft:potion":2,"minecraft:chain":6,"minecraft:brewing_stand":1,"minecraft:polished_deepslate_wall":5,"minecraft:amethyst_block":410,"aquamirae:sharp_bones":3,"minecraft:polished_deepslate":3,"minecraft:oak_trapdoor":1,"minecraft:string":18,"minecraft:soul_soil":1,"minecraft:raw_copper":39,"epicknightsnmages:moonlight_gem":3,"minecraft:wooden_sword":1,"minecraft:iron_leggings":1,"simplyswords:diamond_scythe":3,"minecraft:beetroot_soup":1,"minecraft:item_frame":10,"epicsamurai:jade":11,"minecraft:experience_bottle":9,"minecraft:cyan_carpet":7,"minecraft:cobbled_deepslate":30,"regions_unexplored:larch_log":320,"minecraft:written_book":1,"minecraft:calcite":23,"minecraft:light_gray_wool":2,"minecraft:chest":1,"minecraft:furnace":3,"minecraft:phantom_membrane":2,"minecraft:iron_boots":1,"minecraft:stick":22,"minecraft:raw_iron":110,"minecraft:torch":61,"minecraft:bowl":1,"minecraft:recovery_compass":4,"minecraft:porkchop":5,"minecraft:stone_button":1,"minecraft:diorite":2,"minecraft:netherite_pickaxe":2,"minecraft:stone_sword":1,"minecraft:arrow":35,"minecraft:honey_bottle":2,"minecraft:rotten_flesh":31,"minecraft:tropical_fish":2,"minecraft:deepslate_bricks":7,"aquamirae:treasure_pouch":1,"minecraft:deepslate_brick_stairs":4,"minecraft:obsidian":3,"minecraft:mutton":19,"minecraft:iron_bars":7,"minecraft:skeleton_skull":2,"minecraft:white_wool":17,"minecraft:cobblestone":336,"minecraft:magma_block":3,"minecraft:leather_chestplate":4,"minecraft:andesite":1,"paraglider:spirit_orb":10,"minecraft:lapis_lazuli":24,"minecraft:dirt":16,"aquamirae:fin":42,"minecraft:cooked_mutton":1,"minecraft:leather_boots":5,"minecraft:bone":23,"minecraft:bow":1,"minecraft:wheat_seeds":5,"minecraft:raw_gold":8,"minecraft:stone_pickaxe":1,"minecraft:cooked_chicken":1,"regions_unexplored:larch_sapling":38,"epicsamurai:aquamarine":14,"epicsamurai:raw_silver":59,"epicsamurai:onyx":10,"minecraft:glow_lichen":11,"aquamirae:ship_graveyard_echo":1,"minecraft:sweet_berries":1,"patchouli:guide_book":1,"minecraft:gravel":7,"minecraft:amethyst_shard":4,"minecraft:blast_furnace":5,"minecraft:barrel":1,"minecraft:leather_helmet":3,"minecraft:light_gray_terracotta":1,"minecraft:slime_ball":1,"regions_unexplored:fireweed":1,"minecraft:diamond":13,"minecraft:soul_lantern":2,"minecraft:iron_helmet":1,"minecraft:emerald":8,"minecraft:bread":14,"minecraft:netherrack":2,"minecraft:coal":124,"minecraft:ender_pearl":1},"minecraft:killed":{"creeperoverhaul:beach_creeper":1,"minecraft:spider":12,"minecraft:vindicator":4,"minecraft:phantom":1,"minecraft:skeleton":22,"minecraft:silverfish":2,"minecraft:drowned":1,"mythicmobs:mushroom_thing":2,"minecraft:husk":9,"aquamirae:maw":39,"minecraft:pig":3,"minecraft:sheep":12,"minecraft:pillager":8,"minecraft:zombie":33}},"DataVersion":3465}