{"stats":{"minecraft:used":{"minecraft:wooden_axe":29,"minecraft:cornflower":2,"minecraft:wooden_pickaxe":10,"minecraft:wooden_sword":8,"minecraft:dirt":37,"minecraft:cobblestone":5,"minecraft:written_book":1,"minecraft:crafting_table":1},"minecraft:crafted":{"minecraft:wooden_sword":1,"minecraft:oak_planks":24,"minecraft:crafting_table":1,"minecraft:stick":4,"minecraft:wooden_pickaxe":1,"minecraft:wooden_axe":1},"minecraft:custom":{"minecraft:time_since_rest":14326,"minecraft:sprint_one_cm":26471,"minecraft:damage_taken":245,"minecraft:walk_one_cm":203641,"minecraft:mob_kills":6,"minecraft:damage_dealt":269,"minecraft:interact_with_crafting_table":2,"minecraft:fly_one_cm":24771,"minecraft:open_barrel":3,"minecraft:crouch_one_cm":1730,"minecraft:play_time":39512,"minecraft:walk_under_water_one_cm":9310,"minecraft:sneak_time":1257,"minecraft:jump":232,"minecraft:leave_game":2,"minecraft:walk_on_water_one_cm":2991,"minecraft:time_since_death":39512,"minecraft:sleep_in_bed":1,"minecraft:climb_one_cm":328,"minecraft:total_world_time":39512,"minecraft:fall_one_cm":6361,"minecraft:horse_one_cm":7284},"minecraft:killed":{"minecraft:skeleton":1,"minecraft:zombie":1,"minecraft:salmon":3},"minecraft:mined":{"minecraft:dark_prismarine":1,"minecraft:dark_prismarine_stairs":2,"spawn:anthill":1,"regions_unexplored:larch_leaves":4,"minecraft:grass":2,"minecraft:grass_block":14,"minecraft:oak_log":29,"mysticaloaktree:wise_oak":1,"minecraft:dirt":35,"minecraft:cobblestone":1,"minecraft:stone":6,"regions_unexplored:felicia_daisy":1},"minecraft:picked_up":{"minecraft:stick":5,"minecraft:salmon":2,"minecraft:oak_log":26,"minecraft:cornflower":2,"minecraft:dirt":47,"minecraft:dark_prismarine":1,"minecraft:bone":2,"regions_unexplored:felicia_daisy":1,"minecraft:dark_prismarine_stairs":2,"minecraft:oak_sapling":6,"minecraft:cobblestone":7}},"DataVersion":3465}